time,ax (m/s^2),ay (m/s^2),az (m/s^2),aT (m/s^2)
3.005656,2.2671,-2.6904,36.7449,36.913
3.009863,6.064,3.3857,-5.9624,9.153
3.014895,4.0704,-0.6849,-19.8204,20.246
3.018728,1.4565,-1.0818,-10.3716,10.529
3.023875,-1.0627,1.9872,-10.6009,10.838
3.027051,-4.8462,1.2434,-11.374,12.426
3.035632,-8.9077,-0.0045,-1.8092,9.09
3.039619,-2.0105,0.4338,14.3105,14.458
3.043722,5.1848,-2.8848,26.3863,27.045
3.048455,4.7866,-2.6671,15.8414,16.762
3.052749,3.0828,-0.9179,1.6551,3.617
3.061033,-1.0845,-3.6524,-16.6234,17.054
3.065487,-4.0523,3.3291,-17.0672,17.855
3.069554,-1.7534,0.7378,-6.0427,6.335
3.074061,1.7314,0.2662,-10.4029,10.549
3.077799,-1.8935,0.3017,-5.5913,5.911
3.086417,-6.8776,-2.2995,1.6753,7.443
3.090722,-0.202,3.0964,18.4316,18.691
3.095062,9.7009,1.3297,25.0957,26.938
3.099616,4.992,-6.5612,12.2913,14.8
3.103439,1.9448,-4.9844,-4.5854,7.046
3.108511,-4.8519,1.1181,-13.6297,14.511
3.117434,-5.5318,2.3354,-7.1575,9.343
3.120096,1.379,0.3585,-10.2971,10.395
3.129577,2.1854,1.1881,-7.7663,8.155
3.130221,0.1463,-1.1321,6.1647,6.269
3.132351,-3.4268,-2.3187,10.797,11.563
3.141199,-1.0753,-5.5405,7.4664,9.36
3.147755,3.031,1.1811,-0.118,3.255
3.149533,1.2743,0.7336,-5.5333,5.725
3.153709,-2.1551,-1.0828,-3.4541,4.213
3.157891,-3.3681,-0.8517,-7.599,8.355
3.166393,-0.8195,2.8142,3.0999,4.266
3.170237,-5.0442,-2.1456,8.6242,10.219
3.174888,3.7658,-0.6519,6.1976,7.281
3.179012,1.5358,0.6693,-5.0264,5.298
3.183746,2.8977,2.7073,-5.116,6.473
3.187477,1.176,-0.0237,0.2844,1.21
3.196171,3.5205,1.537,-7.0292,8.01
3.200792,-3.3672,-3.3901,-0.4636,4.801
3.203955,-5.5669,0.0596,9.5536,11.057
3.208941,-1.9035,-2.0208,12.7597,13.058
3.21287,-0.7942,0.0588,14.4261,14.448
3.221785,1.237,-2.5868,-7.4986,8.028
3.225984,5.3349,-0.1774,-10.1916,11.505
3.229562,3.3698,0.5445,-11.149,11.66
3.233501,-1.5384,5.9056,-9.979,11.697
3.237732,2.2191,4.4814,-10.0399,11.216
3.246957,6.3346,2.3465,-7.8878,10.385
3.250172,0.6056,-5.1527,5.7768,7.765
3.255156,-10.8367,-8.1909,31.1338,33.968
3.259256,-5.7217,-2.7255,17.2243,18.353
3.264231,3.5829,-1.686,-4.2021,5.774
3.267608,3.0319,-1.5921,-14.3917,14.793
3.276091,-0.4811,-0.3666,-16.8639,16.875
3.280758,-5.009,0.6286,-8.9444,10.271
3.284048,-2.0108,3.2615,-8.7989,9.597
3.293814,-1.4861,0.632,-9.6813,9.815
3.29425,2.6791,-1.0681,5.5575,6.261
3.301138,4.2951,-0.9307,35.8344,36.103
3.305555,2.8423,-2.7774,19.6662,20.064
3.309625,3.1645,0.0209,2.2813,3.901
3.313728,-0.3552,-0.1792,-8.2563,8.266
3.317932,-0.0224,-3.0235,-14.5002,14.812
3.322226,-1.9226,2.5157,-9.5789,10.089
3.330321,-9.5467,1.5964,-13.9853,17.008
3.334712,0.8707,0.3121,-5.6816,5.756
3.339158,5.3616,-0.6475,0.824,5.463
3.34335,5.8129,2.6353,21.6969,22.616
3.347562,1.7416,0.7216,10.32,10.491
3.356401,-1.1878,-5.3502,2.3561,5.966
3.360081,4.8159,-0.0113,-4.7817,6.787
3.364079,0.3917,3.43,-6.7464,7.578
3.368742,-2.7027,-1.0765,-4.2068,5.115
3.380097,-6.3733,-4.9259,-1.5918,8.211
3.381547,1.6253,-0.8489,9.2968,9.476
3.385621,2.0749,2.8479,13.267,13.727
3.389583,3.4176,-2.7483,-6.9126,8.186
3.394282,-3.5037,-0.2721,0.0072,3.514
3.397738,1.5068,1.6099,-4.9574,5.426
3.401755,1.7428,0.4696,-13.8641,13.981
3.410637,-8.8586,-5.0982,1.1655,10.287
3.415245,-7.554,-1.6647,3.1864,8.366
3.419261,3.5177,3.1518,0.5717,4.758
3.425188,0.8977,-2.9777,11.9234,12.322
3.427895,-6.4517,-4.4991,6.9007,10.464
3.436263,1.7227,3.0837,0.0893,3.533
3.440497,4.3725,0.7198,-13.0674,13.798
3.44435,3.5883,1.0855,-10.0887,10.763
3.44903,-2.5769,0.4368,-8.4991,8.892
3.452819,-7.5216,-2.4545,-4.5619,9.133
3.461332,-7.0339,-0.2142,2.647,7.519
3.465457,9.4711,2.7073,14.511,17.539
3.470142,8.0159,-4.251,17.8198,19.997
3.474366,7.2754,-2.463,8.5364,11.483
3.478889,1.8215,3.1433,-4.1177,5.491
3.482567,-8.7301,3.9122,-12.9713,16.118
3.491216,-6.8566,0.605,-3.7957,7.86
3.495146,-0.3499,-3.804,-7.1208,8.081
3.499406,-0.7565,-1.7891,0.1058,1.945
3.503616,-0.525,3.2204,4.9399,5.92
3.50859,5.5301,-0.7845,8.3069,10.01
3.51611,1.5055,-0.2572,-2.1338,2.624
3.520239,-0.2687,2.8977,-0.7427,3.003
3.526689,4.6585,-0.6176,-5.4956,7.231
3.528935,0.0041,-0.4175,-3.6843,3.708
3.532865,-4.9854,0.8998,4.0167,6.465
3.537186,-8.8752,-1.6455,6.8543,11.334
3.545678,0.889,-0.2544,9.2258,9.272
3.549866,4.3507,-4.0156,4.0996,7.201
3.554154,2.4369,-0.7759,-9.5473,9.884
3.558657,0.219,1.7724,-11.9696,12.102
3.562957,-0.2121,1.3828,-13.7688,13.84
3.570657,-4.8273,-0.3812,-10.2647,11.35
3.575573,-3.9702,-2.6243,1.6214,5.028
3.582427,-2.9192,-1.2424,12.7488,13.138
3.583728,-2.5629,-3.1782,16.7082,17.2
3.587953,-4.4199,-2.0713,9.4704,10.654
3.596331,0.4147,-1.6146,1.1537,2.027
3.6004,1.62,-2.1008,-10.0223,10.367
3.604268,1.4574,-0.9437,-13.4592,13.571
3.609449,-0.32,1.0739,-15.1898,15.231
3.613285,-6.6623,4.4348,-14.3751,16.453
3.617568,-1.4514,4.4144,10.6734,11.641
3.627255,7.6667,-3.0743,15.2594,17.352
3.630747,6.0617,-4.9492,16.7678,18.504
3.634231,2.2582,0.393,7.0522,7.415
3.638168,-1.3569,1.3536,1.8797,2.685
3.642438,2.0632,2.3891,-8.167,8.756
3.650645,-1.3498,0.0479,-10.7314,10.816
3.655305,-4.8979,-2.0115,1.5258,5.51
3.66088,-2.2246,1.0983,-9.9263,10.232
3.664137,1.0738,-0.7118,-17.6798,17.727
3.667923,-1.4619,0.5125,0.5031,1.629
3.676496,5.5008,-1.1629,18.9303,19.748
3.680559,3.0859,4.5576,24.9763,25.576
3.684445,5.7928,-2.0514,0.3994,6.158
3.689054,2.0002,0.0082,-11.3435,11.519
3.693431,0.3472,1.3168,-6.0888,6.239
3.697672,-4.5315,-1.203,-5.8764,7.518
3.706004,-11.4149,-2.8466,-3.3245,12.225
3.710568,-2.9574,-1.8195,2.9842,4.578
3.714678,4.6743,3.1144,6.2383,8.394
3.718587,8.4817,-0.9508,9.3196,12.637
3.726596,3.0883,0.0163,-5.2104,6.057
3.734625,-2.4751,2.3024,-4.0358,5.264
3.735073,1.821,-0.0608,-9.1883,9.367
3.739433,0.2254,0.0334,-6.5515,6.555
3.743707,-4.9304,-1.2088,6.3797,8.153
3.747833,-8.154,-4.1311,12.0914,15.158
3.752019,-2.2952,0.537,6.2918,6.719
3.760778,1.5538,0.559,3.4888,3.86
3.764717,-0.1444,-2.669,-12.6489,12.928
3.769136,0.5527,-2.0694,-12.9712,13.147
3.774156,-2.3385,-1.9142,1.0702,3.206
3.777693,-1.0895,1.9164,-1.2394,2.529
3.786389,-12.0973,-5.7158,12.8774,18.57
3.791256,4.6397,4.1174,15.8681,17.038
3.795143,-0.7805,5.0765,-3.8559,6.422
3.799497,-2.2418,1.7655,-10.681,11.056
3.802374,1.9968,1.2866,-3.8215,4.5
3.811193,7.3949,1.4599,-7.636,10.73
3.816718,8.0228,1.9402,-10.7171,13.527
3.819903,5.5028,-0.5434,-2.4453,6.046
3.827958,-5.6281,-0.6892,9.7454,11.275
3.828863,-6.6151,2.6751,24.218,25.247
3.83245,2.9833,-2.5573,19.2492,19.646
3.841487,2.7582,-3.8517,0.8628,4.815
3.844529,-1.7473,2.9776,-5.6294,6.604
3.849186,-0.9838,2.6939,-17.2275,17.465
3.853245,3.9365,1.9342,-11.6059,12.407
3.857626,5.3362,-0.8868,-11.4041,12.622
3.866224,0.9876,1.2744,-3.4858,3.841
3.870389,-5.1861,1.8665,5.838,8.029
3.874895,2.5549,-1.2932,24.9761,25.14
3.878769,3.3968,-2.7874,19.4725,19.962
3.883036,1.2363,0.471,-0.7331,1.513
3.891218,2.8644,-1.2814,-7.9511,8.548
3.895917,-2.0548,3.1161,-11.514,12.104
3.900037,0.9183,0.2258,-17.0211,17.047
3.903938,-3.1509,2.926,-16.21,16.771
3.909279,1.1006,3.3765,-6.3659,7.289
3.912879,6.6922,0.5326,9.6298,11.739
3.920772,5.7477,-0.2981,16.9087,17.861
3.924628,3.0507,-0.8056,11.304,11.736
3.929538,-4.4251,-4.3102,6.2454,8.784
3.933555,-11.3148,-7.4748,2.2162,13.741
3.937918,-6.7945,-4.5882,-6.2684,10.32
3.946335,-3.6046,3.0908,-5.6282,7.364
3.950229,4.2645,-1.5013,-7.5997,8.843
3.954499,-2.5452,-3.148,-6.5396,7.691
3.958829,-4.4309,2.8057,1.6376,5.494
3.963106,4.4439,1.3916,10.5113,11.497
3.971059,6.9836,-1.5858,0.912,7.219
3.976044,7.0066,-2.3696,-5.5501,9.247
3.979877,1.3627,-0.0074,-8.4816,8.59
3.984039,-7.3078,-0.514,-10.4956,12.799
3.988045,-3.6581,-2.0936,-3.5588,5.516
3.9927,1.3822,0.9716,8.4371,8.605
4.001017,4.911,-1.428,7.7513,9.287
4.004702,-1.9809,-6.2788,6.9759,9.592
4.009619,-0.6635,-2.3415,-3.524,4.283
4.015591,-9.4834,-1.1431,0.1758,9.554
4.018017,-6.5759,-2.0475,-4.0522,7.991
4.029544,1.2144,0.2452,-13.5467,13.603
4.030759,3.397,-0.0011,-9.3711,9.968
4.035018,-0.4905,3.019,-3.2229,4.443
4.039124,2.063,-0.6674,18.1838,18.313
4.043154,6.0903,-3.1348,4.1703,8.019
4.047056,2.0308,-2.3461,-4.4777,5.448
4.056078,-4.9534,2.0443,1.449,5.551
4.060182,-1.9296,-0.2038,-3.7255,4.201
4.064424,-2.4806,1.2743,-3.5872,4.544
4.068375,0.0086,-0.0194,-6.9834,6.983
4.073072,2.3689,-0.3684,-4.444,5.049
4.081109,-3.3588,-0.6141,6.0076,6.91
4.084937,-6.3481,-2.5053,16.8563,18.185
4.090439,4.6735,-0.7852,6.697,8.204
4.093767,6.9139,0.7074,-8.455,10.945
4.098085,4.0401,0.7815,-7.1814,8.277
4.106646,-3.6915,1.933,-1.2919,4.363
4.111378,-3.965,-0.2909,-2.3331,4.61
4.115344,-4.2883,-1.2859,-0.3551,4.491
4.119121,-0.5324,1.4034,11.8936,11.988
4.123149,2.644,-3.0789,8.1473,9.102
4.129747,3.4843,-0.4201,2.67,4.41
4.13728,1.2376,0.9211,-8.211,8.355
4.140071,2.9512,3.948,-10.5901,11.681
4.14434,0.0294,4.5634,-12.3347,13.152
4.148387,-1.0577,0.9496,-6.7235,6.872
4.152617,2.6283,-0.9332,-3.3254,4.34
4.161129,-4.2394,0.1206,10.8063,11.609
4.164979,0.4871,-2.6878,23.3438,23.503
4.169558,1.7049,-3.416,8.0711,8.929
4.173276,1.4788,-0.3261,-1.0415,1.838
4.178301,1.1818,-0.8242,-6.0993,6.267
4.186609,-7.8955,-0.6465,-17.4932,19.203
4.190896,-9.103,0.8737,0.4371,9.155
4.195438,1.8346,-1.8883,2.1132,3.376
4.199186,6.7411,0.4319,8.0595,10.516
4.203215,8.0585,-0.652,12.8569,15.188
4.2072,-1.215,1.6369,-9.8234,10.033
4.215864,-4.7897,-1.3294,-6.3243,8.044
4.220321,3.5664,-2.0278,-3.9339,5.684
4.224633,-4.0668,1.7662,-6.9067,8.207
4.229869,-6.845,1.278,-3.9134,7.988
4.233027,-5.6637,-6.3371,-6.141,10.486
4.240922,-0.2444,-5.1443,4.3364,6.733
4.244903,3.7004,8.8585,30.8943,32.352
4.249787,7.3889,0.1228,8.3883,11.179
4.25369,1.7793,-4.5578,-2.7755,5.625
4.258473,-1.2717,-0.6512,-1.8288,2.321
4.262393,-0.753,2.9584,-8.8512,9.363
4.2709,-0.0833,1.7309,-14.9269,15.027
4.275819,-4.1182,0.3416,-3.4345,5.373
4.279435,-2.6525,0.3922,6.1144,6.676
4.283044,6.5367,-1.7996,13.4552,15.067
4.287089,0.2253,-2.6778,16.3532,16.573
4.296425,-2.3089,-6.7524,3.4279,7.917
4.300488,1.0547,-2.1688,-10.7904,11.057
4.304479,-2.21,2.248,-9.6321,10.135
4.309317,-2.9876,1.129,-13.3021,13.68
4.313228,-2.3055,1.9886,-10.9909,11.405
4.321905,5.189,-2.2982,-3.6995,6.775
4.326725,-0.0821,0.3331,6.3032,6.313
4.330381,-2.7215,-2.6024,22.8069,23.116
4.333952,4.7964,-2.8392,13.6955,14.786
4.338229,1.3356,-0.8549,-4.3051,4.588
4.343986,-0.8043,-1.2313,-6.7703,6.928
4.351119,-4.1714,-2.0901,-7.2227,8.599
4.355197,-1.0363,2.6988,-9.794,10.212
4.362465,-6.2718,-0.8847,-8.2648,10.413
4.363893,-0.5566,0.2185,8.6802,8.701
4.368284,4.2067,-1.3929,12.5963,13.353
4.376089,4.896,-3.0353,9.0196,10.702
4.381362,-5.2561,-3.5957,0.1103,6.369
4.384742,-2.4986,-2.0955,-6.4414,7.22
4.388757,-2.1917,1.1076,-4.8397,5.427
4.393296,1.176,1.705,-6.3332,6.663
4.401276,-2.1208,2.4548,-1.7901,3.705
4.405202,-10.0974,-6.9933,2.079,12.457
4.410053,-4.3143,-4.8687,4.6187,7.978
4.41419,0.6103,1.1153,6.9764,7.091
4.418802,4.1174,0.3013,-6.1127,7.376
4.422646,-1.2196,-1.7226,-7.0872,7.395
4.431097,3.017,1.5096,-5.3705,6.342
4.43525,0.9444,2.3188,-9.2458,9.579
4.43913,-6.4556,-2.9785,-1.7323,7.318
4.445642,-1.2878,1.0724,8.1342,8.305
4.448368,2.7228,1.2206,16.3531,16.623
4.456315,-2.6654,-2.4235,5.4876,6.564
4.460248,5.809,3.9147,1.7188,7.213
4.464673,5.2248,2.8387,-9.6803,11.361
4.468876,2.012,2.9472,-13.4435,13.909
4.472992,1.5855,0.3919,-2.0848,2.648
4.47719,-0.9853,1.2542,-5.6349,5.856
4.485454,1.0421,-3.4081,-4.2662,5.559
4.489964,0.8711,-0.5975,11.9684,12.015
4.494482,-1.8868,-0.3712,25.4933,25.566
4.498903,-3.532,-0.5104,15.4538,15.86
4.502753,1.3787,0.9056,-17.1614,17.24
4.511659,5.1126,1.6785,-15.186,16.111
4.530901,2.8915,1.1625,-8.3005,8.866
4.531245,-0.789,3.8315,-16.5075,16.965
4.53173,0.876,2.2816,-1.8424,3.061
4.531861,-2.8551,-2.8888,8.9277,9.808
4.535991,-0.6219,1.7826,27.9606,28.024
4.540356,-5.7596,1.7349,17.3848,18.396
4.544616,5.1705,-3.4438,-7.476,9.72
4.548823,5.5175,-2.3014,-12.1071,13.503
4.55278,2.2657,1.5518,-6.0704,6.663
4.557049,2.1761,0.9105,-11.6661,11.902
4.565265,-7.0013,2.0276,-19.4173,20.74
4.569764,-8.9948,1.4127,2.2705,9.384
4.574046,3.6824,1.0262,13.0002,13.551
4.578432,4.8966,-2.6163,26.5675,27.141
4.582899,2.5073,-2.6098,9.8482,10.492
4.59114,-8.2664,-3.7505,-6.2738,11.034
4.595486,1.1719,0.5932,-5.7979,5.945
4.599604,3.0381,-0.0813,-11.7312,12.119
4.603362,-0.2344,0.3565,-9.9989,10.008
4.607461,-7.5354,0.9154,-5.3818,9.305
4.616481,-3.9229,2.9527,-7.763,9.185
4.620847,2.0591,-4.4369,-5.6326,7.46
4.624867,9.3259,2.098,25.2347,26.985
4.630461,0.9685,-2.0629,22.1663,22.283
4.633394,-1.6988,-5.4659,-0.8921,5.793
4.638892,-6.2619,-1.3909,-6.685,9.265
4.645388,3.1151,2.239,-6.9035,7.898
4.650063,0.5739,1.7186,-11.0134,11.161
4.654877,-4.5094,-2.987,-8.2564,9.87
4.658391,-1.6993,2.1133,-5.9095,6.502
4.662825,1.9442,4.5252,-8.8481,10.127
4.671919,2.3862,-0.8317,13.205,13.445
4.675497,-2.0166,-6.23,4.4885,7.939
4.679674,-0.1278,-3.7415,10.5192,11.166
4.683784,4.2041,4.2304,7.0436,9.229
4.688601,-0.7627,1.7785,-3.0285,3.594
4.691915,-6.1424,-2.6609,0.3372,6.702
4.701084,1.1719,-3.256,-1.4067,3.735
4.705078,-0.5253,0.1799,4.7827,4.815
4.709309,-5.1398,2.18,-1.1774,5.706
4.714256,0.9408,4.0593,-6.3001,7.553
4.717487,2.0567,0.3214,-8.0251,8.291
4.727083,1.9577,3.1609,-5.2926,6.468
4.731464,1.3248,0.4938,-6.3078,6.464
4.734394,0.4383,0.9792,1.1482,1.571
4.738667,0.5573,4.2912,14.8154,15.434
4.743478,-3.5815,-2.6229,11.1324,11.985
4.751279,0.8324,-1.4034,1.3217,2.1
4.755587,3.4217,0.3665,0.0864,3.442
4.759671,-0.0008,1.339,-5.0602,5.234
4.763783,-4.2423,-2.3803,-8.4038,9.71
4.767685,-0.2435,1.1679,-7.5684,7.662
4.77199,0.0879,-0.0225,-6.8195,6.82
4.780936,0.3586,2.8522,11.9927,12.332
4.785448,0.3746,-1.3753,23.5324,23.576
4.789239,3.5424,0.1368,8.8503,9.534
4.794422,3.6692,0.9542,-4.9025,6.197
4.797787,4.5653,2.6928,-9.0466,10.485
4.806216,3.4105,3.2048,-7.1809,8.571
4.81096,5.9951,0.5624,-10.9338,12.482
4.814661,-3.8123,1.6474,-11.5146,12.241
4.819172,-8.2873,-0.4412,-2.8141,8.763
4.82336,-2.4119,-2.7061,2.2704,4.277
4.831824,-0.7583,3.1217,26.8513,27.043
4.835535,5.0697,-3.1031,26.725,27.378
4.839504,4.7375,-3.2048,0.3659,5.731
4.848241,1.1342,2.6204,-20.2452,20.446
4.849242,-1.1943,3.9569,-11.3794,12.107
4.852142,1.6581,-0.1649,-6.9762,7.172
4.860779,1.1272,-1.3187,-17.0425,17.131
4.865087,-4.4938,4.0425,-1.3842,6.201
4.869261,2.0796,0.2192,21.8904,21.99
4.873443,4.4299,-5.5127,12.8471,14.665
4.878103,0.7982,-3.7642,2.7852,4.75
4.88608,-7.8887,-2.6387,2.5093,8.689
4.890174,-7.1375,-0.3823,-7.231,10.167
4.894874,-0.9472,-2.3185,-13.7573,13.983
4.899312,-2.065,-2.3895,-7.8191,8.433
4.903356,0.4666,4.9751,-2.5725,5.62
4.912286,-0.2968,3.0286,22.1751,22.383
4.916091,2.3844,-4.3378,17.8845,18.557
4.92001,7.9491,-0.4149,-11.9428,14.352
4.923799,3.0735,-2.0298,-13.0247,13.536
4.93223,-2.7286,-2.7932,-0.6255,3.955
4.93325,-6.7379,1.9628,-3.3129,7.761
4.941126,-4.4576,0.9577,-3.2723,5.612
4.946352,2.6814,-0.4009,12.672,12.959
4.949566,4.7272,0.6985,14.035,14.826
4.953436,1.1641,0.398,-5.8988,6.026
4.957658,-3.5064,2.3639,-5.8791,7.242
4.965919,4.3213,0.8434,-8.4423,9.521
4.970155,3.1305,4.0895,-10.2621,11.482
4.974657,-1.098,1.3105,-5.285,5.555
4.979132,-2.7193,-0.5709,-5.5621,6.218
4.98337,-0.6977,-2.9847,2.0115,3.666
4.987415,4.6105,1.8979,28.4845,28.918
4.995829,4.865,-1.8761,16.4982,17.303
5.00009,-0.5233,-0.4953,0.0029,0.721
5.003923,-1.8042,-0.488,-16.3514,16.458
5.008238,-2.4385,3.3968,-10.4623,11.267
5.012297,2.3917,-0.9628,-6.239,6.751
5.021486,-2.0429,1.2754,-8.8793,9.2
5.025662,-1.1634,0.4014,4.9473,5.098
5.029704,-0.6431,-0.3877,9.8094,9.838
5.033766,-2.047,-0.6181,13.5675,13.735
5.037734,-0.235,-2.2629,7.8948,8.216
5.049466,-0.8292,-1.104,-4.8428,5.036
5.050677,-3.4308,0.8078,-12.798,13.274
5.054786,0.041,1.8508,-9.3303,9.512
5.059146,4.9074,0.2029,-9.4826,10.679
5.063087,7.9435,1.8146,1.9982,8.39
5.067463,2.9169,3.2392,16.8887,17.442
5.075955,7.1206,-2.2289,9.3907,11.994
5.080113,3.7952,-5.6727,0.5551,6.848
5.083844,-5.1728,-1.8898,-3.766,6.672
5.088023,-9.6277,-4.943,-1.8938,10.987
5.092225,-6.2704,-0.486,-5.7113,8.495
5.101592,-1.1696,1.0061,-5.139,5.366
5.105647,-0.8417,-3.4004,-2.9859,4.603
5.109663,-1.8634,-2.5601,0.302,3.181
5.114365,-4.0235,3.9901,15.3724,16.384
5.117926,4.2805,-1.1078,7.197,8.447
5.125817,8.5724,-2.1765,-4.3701,9.865
5.132071,0.8035,4.0451,-0.5343,4.159
5.134578,2.1826,1.2496,-9.8134,10.131
5.138837,3.5134,-0.9312,-9.2095,9.901
5.143139,-1.2706,0.2709,2.5717,2.881
5.147494,1.9449,-1.3515,7.6317,7.991
5.155984,3.7531,-3.8021,6.4367,8.365
5.159995,-2.2515,-2.2247,5.4851,6.333
5.165037,-6.933,-3.3632,2.0207,7.966
5.168044,-5.8355,-2.3929,-2.0705,6.638
5.172377,-3.6297,-4.7997,-3.8448,7.141
5.181439,-2.486,-1.7245,2.8801,4.177
5.185745,-0.2498,-1.5554,3.916,4.221
5.189806,-1.59,-1.7715,-4.3753,4.981
5.193932,0.1696,-0.3869,3.4276,3.454
5.198476,7.4833,-1.9914,-4.4742,8.943
5.202667,7.4542,2.4105,-2.4916,8.221
5.211884,6.3772,3.0223,-1.847,7.295
5.215225,4.4687,3.2559,-4.984,7.444
5.219635,4.8392,-2.842,3.0618,6.393
5.223659,-0.2943,-3.0026,7.2913,7.891
5.228595,-6.056,-1.4828,3.056,6.944
5.236719,-3.896,-6.9754,1.8686,8.205
5.241675,-10.027,-2.0093,0.2983,10.231
5.243909,-8.9135,-3.603,-4.8214,10.755
5.248543,-2.5511,0.9234,-4.7247,5.448
5.253731,1.6696,-1.0946,-3.8961,4.378
5.262096,1.1529,-4.5103,-4.3607,6.379
5.265864,-2.9826,-1.8524,1.7141,3.907
5.269652,-4.7122,-0.5876,7.7341,9.076
5.273844,0.3273,1.5674,15.4355,15.518
5.279612,7.2207,-4.072,6.7355,10.681
5.283969,6.3882,-1.3252,-3.2161,7.274
5.290875,2.5443,0.9833,-3.0641,4.102
5.296833,1.9321,0.234,-15.6485,15.769
5.300894,0.2074,2.7789,-9.6382,10.033
5.303516,0.1375,1.5464,-2.5142,2.955
5.30784,-0.766,-0.6921,2.0331,2.28
5.316652,-5.8842,-4.8125,1.0014,7.667
5.320402,-10.428,-3.866,3.5227,11.666
5.324216,-3.5777,-4.2881,3.7878,6.748
5.329159,0.8043,-1.5064,4.6248,4.93
5.333476,0.4573,-2.2317,1.9131,2.975
5.341515,1.6635,2.473,4.3,5.232
5.347774,3.2671,-4.1069,4.6153,6.989
5.349753,-3.1683,0.5762,-10.8879,11.354
5.353914,0.2968,0.3464,-0.3165,0.555
5.358095,4.937,-0.9789,-6.0109,7.84
5.362374,2.8519,2.8044,-8.9771,9.828
5.370868,-6.7279,1.9101,-1.3166,7.117
5.375634,1.8974,-0.6443,-4.7805,5.183
5.379966,-2.6829,0.2346,1.7858,3.231
5.383475,-2.144,-1.0209,21.2215,21.354
5.387773,2.5081,-3.4373,12.4915,13.196
5.396459,-1.2889,-6.5258,10.1681,12.151
5.401834,-1.6095,-1.282,-12.6781,12.844
5.403992,2.4175,0.6039,-11.0723,11.349
5.408258,-0.4136,1.525,-12.5057,12.605
5.413183,-3.5148,2.1063,-11.9818,12.663
5.417692,0.6026,1.0304,-0.2075,1.212
5.425897,1.9788,5.3847,10.5517,12.01
5.432559,-1.955,-2.7801,15.5264,15.894
5.434456,2.7737,-4.7948,10.2249,11.629
5.438274,1.9732,-1.8166,3.4211,4.347
5.442192,2.9347,-1.5572,-7.926,8.594
5.450757,-2.538,3.9688,-7.3374,8.72
5.45491,-0.9279,-1.2845,-15.804,15.883
5.459374,-8.3212,1.2282,-11.7414,14.443
5.463588,-2.8533,-1.0456,8.4685,8.997
5.467753,8.0652,-1.8685,12.8514,15.287
5.476137,11.6971,-1.634,13.9625,18.288
5.480372,8.0463,-1.4727,6.7088,10.579
5.4845,-1.7636,0.9428,-1.572,2.544
5.488476,-9.1593,-2.2974,-3.4816,10.064
5.493483,-10.7089,-5.6327,-6.5957,13.781
5.497349,0.3444,-2.8462,-7.1255,7.681
5.505978,-4.3142,1.0252,-9.2764,10.282
5.510602,0.3109,3.1624,5.1854,6.082
5.514766,6.4631,-2.3856,6.0492,9.168
5.518715,6.4269,-0.1799,-1.1976,6.54
5.523184,-1.0915,3.1464,-11.5229,11.994
5.534026,1.9366,4.41,-3.2758,5.825
5.535448,0.4449,-2.4512,-7.2213,7.639
5.539391,-7.5773,-4.667,1.447,9.016
5.544551,-4.3833,-2.6851,13.474,14.421
5.548135,3.1208,-4.0031,18.7783,19.452
5.55634,3.9583,-2.3145,8.1786,9.376
5.560464,-4.549,-1.7627,-0.2058,4.883
5.564505,-1.1059,-1.8621,-14.4154,14.577
5.568681,-3.3328,0.2403,-11.5199,11.995
5.573568,-5.3422,0.4955,-12.3105,13.429
5.577439,0.1026,-0.309,-7.4793,7.486
5.586211,2.9448,6.6227,-0.5812,7.271
5.589877,4.248,-2.6414,12.927,13.861
5.594225,3.0966,-5.5509,16.2013,17.404
5.598846,-0.9353,-2.6269,12.5088,12.816
5.603301,-1.8038,-2.6383,0.1835,3.201
5.611396,-0.6888,2.2546,-13.4374,13.643
5.615538,-7.8588,-4.2104,-8.1296,12.066
5.619625,-3.5185,0.2356,-4.2802,5.546
5.623743,-3.6269,-0.7322,-11.8233,12.389
5.628295,-1.1979,4.3326,-5.2801,6.934
5.63653,2.7609,2.7724,-6.649,7.715
5.640479,4.913,-0.1663,24.3282,24.82
5.644723,7.8744,-1.1954,15.1052,17.076
5.648871,4.5199,-0.0026,-5.0631,6.787
5.653281,0.5719,-1.5263,-6.1132,6.327
5.6573,-4.1842,2.8307,4.9964,7.105
5.66602,-14.0592,-1.4346,-3.8337,14.643
5.670397,-4.5626,-2.1046,1.8354,5.349
5.674894,3.1204,0.777,4.966,5.916
5.680879,3.7397,1.4182,-6.74,7.837
5.682355,1.5966,-0.2881,0.5479,1.712
5.691378,1.2999,2.8371,-8.9061,9.437
5.695327,-4.1649,5.1621,-14.8741,16.286
5.699988,1.9262,3.6843,-0.2504,4.165
5.704322,1.3229,-0.5872,0.0457,1.448
5.708434,-1.685,-2.6162,10.4278,10.882
5.713539,-10.618,-4.5241,21.4595,24.366
5.720839,-3.2702,1.4186,11.4771,12.018
5.724726,4.9193,1.0356,-2.5338,5.63
5.728841,5.3845,-1.3927,-19.103,19.896
5.733987,4.7036,-0.9076,-12.4864,13.374
5.737978,0.7057,1.9895,-4.8257,5.267
5.746001,0.8789,5.6835,-10.5196,11.989
5.75013,-5.9388,2.3845,7.1783,9.617
5.754287,-0.7239,-1.5948,25.3223,25.383
5.758371,5.9069,1.2017,6.0937,8.571
5.762651,3.6763,-0.472,-0.5271,3.744
5.771296,2.4542,0.3147,-1.9626,3.158
5.775405,-0.7993,0.4283,-5.9099,5.979
5.780908,-2.3324,2.8038,-5.0226,6.207
5.784203,-4.0428,-1.3878,-7.4695,8.606
5.788615,-7.1346,2.7815,-13.9249,15.892
5.792517,4.0414,-0.2356,9.4278,10.26
5.801367,4.4896,0.6749,30.296,30.634
5.804709,7.3303,-0.8543,1.1018,7.462
5.808941,3.6293,0.538,-14.6684,15.12
5.814198,-7.2853,-0.4537,-3.8144,8.236
5.818929,-2.6308,-0.3741,-4.8671,5.545
5.826318,-1.6841,4.5006,-9.832,10.943
5.830677,-2.6151,-3.2736,-2.61,4.936
5.834975,4.9795,1.8108,13.6189,14.613
5.839014,3.1913,-0.3432,21.2509,21.492
5.842893,0.9825,-3.3523,7.6987,8.454
5.852269,-4.6034,2.5341,-7.1995,8.913
5.855775,-3.7461,2.3489,-7.6327,8.821
5.859874,3.0833,-1.7136,-10.7833,11.346
5.867251,1.8545,1.9004,-11.4778,11.781
5.868798,0.1274,0.9816,-7.1287,7.197
5.872607,-4.371,0.3837,-7.5157,8.703
5.881449,2.2329,5.4057,25.2051,25.875
5.885039,8.3853,-3.4407,30.7683,32.076
5.888827,4.5235,-5.8469,7.7594,10.717
5.893657,0.725,1.247,-3.6451,3.92
5.897857,1.2265,1.8706,-9.6623,9.918
5.906469,-2.8236,-1.497,-12.7473,13.142
5.910648,-9.1242,3.7786,-22.0427,24.154
5.914938,-4.6874,-1.6119,2.5414,5.57
5.918995,1.1249,-2.7994,1.3025,3.286
5.92319,1.0203,-1.3415,3.9251,4.272
5.927217,3.0745,-1.2202,22.3654,22.609
5.935906,-2.757,1.2617,13.2921,13.633
5.940214,4.1701,-0.7251,-6.2972,7.587
5.94424,1.899,1.2286,-3.5979,4.25
5.951338,1.2275,0.4386,-7.7936,7.902
5.953013,1.3111,0.7051,-13.1888,13.273
5.960901,4.3784,3.3102,4.7529,7.261
5.968637,3.7879,-1.7849,6.2615,7.533
5.969287,1.1144,0.4649,0.9111,1.513
5.973738,1.4638,-2.3937,-0.1074,2.808
5.977808,0.6835,-1.0517,-0.203,1.271
5.986413,1.9652,-2.3161,-2.553,3.968
5.990271,-0.7994,-0.912,0.6142,1.359
5.994615,-7.8517,-1.9982,0.9796,8.161
5.999267,-8.036,-1.3794,2.539,8.54
6.003825,-0.8691,-0.1596,4.3498,4.439
6.007195,3.6052,-3.1298,0.4985,4.8
6.016075,2.2698,0.8358,-3.6763,4.401
6.020669,1.487,1.245,-9.1577,9.361
6.024324,0.1091,2.2879,-12.6161,12.822
6.02883,4.3684,0.0017,-8.3891,9.458
6.035095,-3.5324,0.6574,-8.6717,9.387
6.041381,0.003,-4.275,26.8008,27.14
6.045901,-1.8034,-2.9963,33.6283,33.81
6.052681,0.8381,-3.3421,5.6993,6.66
6.05422,2.2995,-3.2996,-5.5266,6.835
6.057979,1.6776,-1.0924,-8.1445,8.387
6.066333,-2.9355,-1.0871,-7.5538,8.177
6.070768,-6.7935,-4.4373,-3.922,9.012
6.075082,-7.4865,3.0713,-12.1768,14.62
6.078912,-0.2561,-1.4482,-8.194,8.325
6.083141,2.2194,1.0042,-3.2452,4.058
6.087361,6.3423,0.7183,11.5868,13.229
6.095907,3.7085,-0.3945,30.704,30.93
6.100107,2.3605,-4.2184,14.7919,15.562
6.104651,-0.0046,-2.0065,-2.9788,3.592
6.109645,-0.8355,-0.2167,-6.8116,6.866
6.113178,0.4247,-1.1579,-13.8989,13.954
6.121481,-7.1057,2.4674,-9.2229,11.901
6.126099,-5.0215,-3.2583,-0.9347,6.059
6.129109,1.5795,0.6607,1.4503,2.244
6.135399,-1.3227,1.8954,5.203,5.693
6.138297,2.5414,-1.1287,8.8387,9.266
6.142401,0.25,-1.3755,-12.4085,12.487
6.150758,-1.7257,1.2013,-3.4634,4.052
6.155024,-1.373,-0.3608,4.0022,4.247
6.158887,-4.3517,1.3181,4.9843,6.747
6.162943,-5.3075,-0.9662,5.7872,7.912
6.16777,2.8126,-0.4265,-3.6782,4.65
6.175838,3.4156,-2.8654,-12.4446,13.219
6.180267,1.4822,2.2857,-0.6626,2.804
6.184978,-3.1623,0.8165,-3.8018,5.012
6.188789,-8.4516,-0.5064,-9.0757,12.412
6.192887,-3.0683,-1.4671,-1.7364,3.819
6.201583,0.0579,-0.2163,-3.2896,3.297
6.205464,2.1692,3.0169,-17.0857,17.485
6.209382,0.4689,3.8939,8.8844,9.712
6.214031,5.3506,-1.8837,20.2942,21.072
6.218615,3.0911,-2.9083,-1.187,4.407
6.222613,-7.0758,-2.4655,4.8809,8.943
6.232028,0.5671,-1.129,6.2559,6.382
6.236356,1.8763,-1.0191,-9.9126,10.14
6.239228,-2.592,-1.8576,-0.4565,3.221
6.243689,1.0265,0.9033,2.8063,3.122
6.247581,7.3851,2.4184,10.2548,12.867
6.256041,-0.7822,-2.4118,12.0025,12.267
6.260317,-7.4653,-0.0789,-7.647,10.687
6.265396,3.851,-1.0882,2.0254,4.485
6.26922,6.6829,0.6947,-9.9313,11.991
6.272971,1.7029,3.4527,-10.1464,10.852
6.282626,-3.4646,2.9796,-6.1514,7.663
6.285412,-0.3527,-3.2967,-6.3929,7.202
6.289347,3.0352,0.8812,0.5704,3.212
6.294142,-0.724,-0.8282,19.4336,19.465
6.298864,-6.0283,-3.9726,22.2167,23.36
6.303764,2.0875,-2.8675,1.3071,3.78
6.311322,3.0555,-0.7198,-12.315,12.709
6.316346,0.992,1.1166,-13.4248,13.508
6.319518,-6.0659,1.5932,-9.7876,11.625
6.323656,-2.5868,1.1375,-9.3068,9.726
6.327774,4.4955,1.9358,-6.5149,8.149
6.336822,4.9541,-0.0895,12.2241,13.19
6.340489,5.2425,-3.0862,28.3229,28.969
6.344837,-3.566,-4.0664,19.4971,20.233
6.349465,1.3947,-2.3621,-2.5114,3.719
6.354384,-0.658,1.8407,-10.4281,10.61
6.361406,3.7067,-0.1383,-6.7458,7.698
6.365773,1.3075,0.7836,-19.3575,19.417
6.369488,-2.5467,3.544,-9.2037,10.186
6.373989,0.9729,2.1156,-4.3693,4.951
6.378191,-3.0676,1.3726,-0.8192,3.459
6.383271,0.2193,-5.6172,22.0834,22.788
6.391052,6.2175,-4.4918,18.1,19.658
6.395221,5.2473,1.4989,11.3907,12.631
6.400417,0.5785,-0.6825,-5.3494,5.424
6.403291,-8.2546,-4.4622,-6.1437,11.216
6.408086,-6.9441,-1.1776,-14.8847,16.467
6.416561,-2.2764,-1.4204,-12.959,13.234
6.42079,-4.937,5.3266,-19.9805,21.259
6.425108,2.2883,2.8243,3.1074,4.782
6.428974,8.9727,-2.5765,13.3707,16.307
6.433781,7.3726,1.2918,15.913,17.585
6.437398,-3.8951,0.1942,13.4292,13.984
6.445459,1.4157,-4.2153,3.1211,5.433
6.452476,-0.8695,-2.9793,-8.4555,9.007
6.455091,0.5548,2.833,-8.8526,9.311
6.460486,-2.7492,-0.4265,-8.981,9.402
6.462709,-8.4147,-0.153,-11.826,14.515
6.471375,-0.1948,-4.4125,1.205,4.578
6.475691,5.2304,5.0298,22.8141,23.94
6.483325,6.6314,0.2457,8.1622,10.519
6.483817,4.8786,-0.3937,-8.6705,9.957
6.487991,2.8096,-0.5611,-3.7971,4.757
6.496357,-5.0156,3.6033,-15.3549,16.55
6.500695,-5.1511,1.4094,-2.1656,5.763
6.5051,-8.3068,-2.4753,-2.2095,8.945
6.508894,2.6758,-1.6655,-3.0543,4.389
6.513286,2.9598,-1.3005,14.5742,14.928
6.517442,5.1544,2.4791,20.4553,21.24
6.525602,3.991,-3.156,2.2153,5.549
6.529588,-5.8474,-0.088,-5.6208,8.111
6.536787,-3.507,-0.6258,-5.4686,6.527
6.538994,3.0904,-0.207,-14.3454,14.676
6.544496,4.2537,1.7191,-8.4765,9.639
6.551096,-4.6134,0.5035,0.5383,4.672
6.55521,-4.4775,1.1128,-1.0195,4.725
6.559306,2.8064,-0.194,7.6468,8.148
6.563515,3.0034,-4.4231,29.1458,29.632
6.568328,-1.8263,-4.2002,7.0132,8.376
6.57652,0.9379,-1.9125,-2.5746,3.342
6.580712,-0.8555,1.1769,-17.3655,17.426
6.585238,1.9783,0.0883,-11.1646,11.339
6.58961,-3.0211,1.7259,-8.6964,9.367
6.593297,-8.8316,-0.0123,-8.9848,12.599
6.597409,0.9234,1.1857,-3.6183,3.918
6.607519,3.2556,-1.6149,3.207,4.847
6.609825,6.9231,-2.2011,26.5954,27.57
6.614455,0.5806,-0.8871,16.2892,16.324
6.618861,0.3366,-0.2613,-0.8337,0.936
6.623163,2.6783,0.4689,-10.4398,10.788
6.631626,3.134,-0.4537,-9.5279,10.04
6.637679,-3.3507,2.3416,-13.8449,14.436
6.6403,-6.683,3.8832,-13.9969,15.989
6.644954,-0.1795,0.3388,0.5418,0.664
6.64804,4.1908,0.4593,7.1464,8.297
6.652358,7.2083,-3.1956,15.3443,17.252
6.660808,-2.1657,-2.1201,24.0797,24.27
6.665134,-2.3913,-3.684,5.6437,7.151
6.669282,-5.2791,-1.2768,-2.2968,5.897
6.674134,0.8066,-0.7892,-9.1701,9.239
6.677324,-0.9171,1.5194,-14.5835,14.691
6.686222,0.9273,1.1434,-5.4752,5.67
6.691326,-0.79,3.7517,-4.426,5.856
6.694636,2.0933,2.8117,5.6805,6.675
6.69889,8.9508,-2.6289,2.6227,9.691
6.703467,7.9377,-1.6133,-2.966,8.626
6.711454,2.9437,0.817,-1.1755,3.273
6.715683,-13.2908,-1.1057,3.1425,13.702
6.720508,-9.0855,-6.1088,-0.5368,10.961
6.723912,-2.9018,-0.0877,4.8463,5.649
6.728422,2.1633,0.4304,12.0209,12.222
6.732343,0.3547,-1.8921,-8.8307,9.038
6.740849,-3.9648,0.0313,6.9199,7.975
6.745551,5.7858,-0.398,0.5807,5.828
6.752229,3.6304,1.4149,-18.7904,19.19
6.753721,-0.2997,0.1349,-6.8134,6.821
6.757489,-5.1182,1.3514,2.2225,5.741
6.76754,-9.1305,-2.3773,-7.487,12.045
6.770108,-0.4359,0.0775,9.4906,9.501
6.774637,4.718,-0.867,23.7712,24.25
6.77894,5.4705,-2.5424,14.0864,15.324
6.783688,-1.8695,0.99,-7.8955,8.174
6.791382,-3.2148,5.0039,-8.9964,10.785
6.795596,3.4033,-2.7081,-8.9822,9.98
6.800442,2.389,0.0562,-17.6834,17.844
6.803712,-5.2465,3.7152,-11.1663,12.885
6.808607,-3.4852,2.1109,-0.509,4.106
6.812425,2.8361,-1.7966,-4.9167,5.954
6.821145,2.99,-1.077,9.4213,9.943
6.825446,6.0713,2.58,36.6361,37.225
6.829323,3.4125,-3.4815,16.4913,17.197
6.833845,0.6705,-0.2206,-4.62,4.674
6.838167,-3.6721,0.5611,-17.2565,17.652
6.845896,-7.5199,0.5536,-12.5601,14.65
6.852394,0.8247,-0.4023,-7.9342,7.987
6.854347,1.9492,0.53,-8.9426,9.168
6.858875,0.8705,-1.2737,-0.5617,1.642
6.86298,-4.4878,-1.1136,6.091,7.647
6.867382,0.6996,-0.5544,8.3681,8.416
6.8757,1.1827,1.9463,16.4026,16.56
6.879637,3.2758,-4.0049,5.3059,7.411
6.885024,2.0112,-0.2052,-1.6923,2.636
6.888562,2.2017,-1.9261,-9.7487,10.178
6.892523,-2.2968,0.6799,-16.6295,16.801
6.901167,-2.6968,1.2505,-13.5533,13.875
6.905529,1.8128,3.6893,-0.712,4.172
6.909623,3.6871,0.2786,13.6256,14.118
6.913718,-0.1555,-0.1602,11.6365,11.639
6.918411,-4.1939,-3.7348,8.6402,10.305
6.926425,-5.6964,-4.9748,-1.93,7.805
6.930384,-6.0202,-5.1467,0.438,7.932
6.935763,0.0828,0.7566,-3.3569,3.442
6.939258,1.5005,1.6812,-8.0309,8.341
6.943097,0.4263,-1.7167,-14.7266,14.832
6.947994,-2.264,0.4883,-3.1702,3.926
6.95616,1.0127,-0.7658,5.8261,5.963
6.960047,2.9595,-0.1624,16.74,17
6.965344,6.8484,-0.9171,10.3677,12.459
6.970214,3.9269,0.6507,-0.9163,4.085
6.972296,0.2024,3.0772,-5.2599,6.097
6.981706,2.2621,-1.472,-5.9192,6.505
6.985336,-4.8823,-5.7188,-6.4903,9.933
6.989565,-7.4436,-1.2297,-1.5629,7.705
6.993704,-0.4768,0.1496,-4.2991,4.328
6.998917,0.9643,-3.0837,4.553,5.583
7.006056,-1.2896,0.4089,8.7739,8.878
7.010595,0.7114,-0.7639,7.1393,7.215
7.014889,6.2035,-1.5063,0.9684,6.457
7.019288,2.8395,0.709,-7.8012,8.332
7.023183,-1.3794,-0.7593,-2.9568,3.35
7.027568,-9.3111,-1.3369,-2.8914,9.841
7.038425,-2.7709,1.5289,3.9162,5.035
7.040268,2.4178,-1.1492,1.2906,2.972
7.043892,5.559,-1.0603,2.1218,6.044
7.048645,0.5214,-1.6347,1.3863,2.206
7.05268,-1.2653,-2.3663,-6.2562,6.807
7.061106,-1.4245,1.7897,-8.1803,8.494
7.065301,-3.4328,-1.254,-9.1271,9.832
7.069814,-2.626,0.0345,-2.6293,3.716
7.074011,-0.9639,0.1706,11.4246,11.466
7.077795,-1.014,-4.0866,22.9616,23.344
7.086306,1.5668,-4.1513,6.0924,7.537
7.090416,2.6505,-1.858,-3.8281,5.013
7.095006,1.5285,1.9082,-6.7648,7.193
7.099062,-4.037,1.9584,-15.53,16.165
7.103823,-10.1313,-0.6634,-12.7526,16.301
7.108057,-1.8657,-0.0885,-3.7366,4.177
7.116282,-2.2345,-0.2002,-9.0877,9.361
7.120513,5.225,-1.2045,9.7336,11.113
7.124345,0.5727,-1.2708,26.0298,26.067
7.128841,-10.7068,3.0933,-0.5769,11.16
7.132833,-9.3181,2.8516,-3.9694,10.522
7.141537,-8.2174,3.7084,2.7578,9.428
7.14585,-2.1169,2.0584,-3.669,4.709
7.149807,8.1787,3.279,24.0182,25.584
7.153577,10.6677,3.6307,-11.9567,16.43
7.157749,9.1461,3.778,-7.2922,12.292
7.161977,4.1106,0.0864,-7.0047,8.122
7.17033,-3.1489,-4.1952,-4.6677,7.022
7.174445,-0.5617,-7.2118,0.4284,7.246
7.179282,-3.4262,-8.6825,7.0487,11.696
7.183562,2.1643,-6.9784,-0.8026,7.35
7.187488,0.0476,-3.7436,-1.5492,4.052
7.195875,2.3331,-3.2586,-8.664,9.546
7.200056,4.6822,0.2457,-6.3655,7.906
7.204373,5.6515,9.0783,-5.3542,11.959
7.208367,2.3179,7.009,1.838,7.608
7.212616,-0.8052,1.0806,21.5138,21.556
7.221559,1.5591,-7.8475,6.8019,10.501
7.225599,-13.8347,-5.8119,1.8963,15.125
7.229872,-4.509,0.2711,16.108,16.729
7.233858,-10.9926,1.0412,-4.9852,12.115
7.238638,-9.2528,-0.5308,-0.4342,9.278
7.242793,-0.6015,0.4544,3.6844,3.761
7.250329,3.4773,-1.4457,-10.8061,11.443
7.255665,3.0014,-3.1441,-15.7947,16.382
7.259295,1.8411,-0.5837,-9.2475,9.447
7.263439,-2.8569,-2.6934,-6.9624,7.993
7.268642,-5.7661,-3.5713,-2.0278,7.079
7.276076,-3.1825,-3.2154,-8.7218,9.825
7.280129,0.395,-0.2931,11.3268,11.338
7.285858,-4.7903,0.4838,38.288,38.59
7.288963,-8.5034,-4.4798,28.6031,30.175
7.293089,-0.113,-4.7853,-26.6088,27.036
7.302985,6.9744,1.422,-15.895,17.416
7.305986,2.5393,4.2791,5.4533,7.382
7.309948,4.0247,1.6255,-4.5504,6.289
7.314048,2.8052,1.8347,-11.0658,11.562
7.318857,-0.9452,-1.6354,-11.4037,11.559
7.323039,-7.3617,0.1375,-8.3589,11.139
7.330492,-1.9708,0.4272,-5.9749,6.306
7.335767,-0.4198,-0.5521,-8.5158,8.544
7.339509,-2.0982,-1.7878,-9.5901,9.978
7.343521,-1.8697,0.9977,-3.5148,4.104
7.347954,5.1051,1.3704,-4.6093,7.013
7.356141,6.8676,0.1689,-16.2261,17.62
7.360081,4.282,1.8036,-5.8656,7.483
7.364322,0.795,2.8953,-5.7072,6.449
7.371879,-1.1454,1.5582,6.0898,6.389
7.372915,9.1964,-2.5467,62.8463,63.567
7.377765,6.2766,-11.8095,64.4694,65.842
7.385564,0.8295,-2.3159,-0.7544,2.573
7.389974,4.9168,-1.1851,-19.2053,19.86
7.393965,-0.2447,-0.1891,-15.8381,15.841
7.398316,-4.3413,3.6401,-5.7477,8.071
7.402655,-4.5235,0.4173,-2.8934,5.386
7.41086,1.9614,1.6817,-1.0664,2.795
7.415276,-1.8892,2.3002,-8.9258,9.409
7.41975,-1.9209,-2.2936,-7.0026,7.615
7.423962,0.2875,1.0612,-11.3577,11.411
7.427725,0.9632,1.106,-7.9781,8.112
7.438722,-1.1697,-0.9932,-7.426,7.583
7.440978,-6.8536,1.2458,-2.7878,7.503
7.445038,4.2156,2.8173,-7.9616,9.439
7.449085,8.5989,2.1516,9.4914,12.987
7.452926,5.405,-8.5142,51.9376,52.908
7.457455,-4.9558,-7.9166,7.0514,11.703
7.465726,-0.8224,0.8938,-19.7499,19.787
7.47048,4.7301,2.2895,-4.8931,7.18
7.474439,-0.8766,-0.9054,-1.1734,1.722
7.478173,-6.5101,1.0047,-8.1317,10.465
7.482389,1.7791,1.7669,-8.3664,8.734
7.490852,-0.5542,0.6456,-8.2951,8.339
7.495239,2.5127,-1.6573,17.0379,17.302
7.499696,8.9051,0.7795,15.3035,17.723
7.503914,-0.4699,-3.3605,1.9802,3.929
7.508607,-19.3372,-4.7005,11.7134,23.092
7.516571,-13.8862,-2.6335,2.0189,14.277
7.520849,2.5967,2.4811,-7.4754,8.293
7.524753,3.0286,0.827,-16.1827,16.484
7.529549,6.3363,2.5802,-8.9102,11.234
7.533163,7.5251,3.6846,-9.0707,12.348
7.538629,7.7693,5.1482,-5.9154,11.039
7.546656,6.6547,4.8099,5.7812,10.042
7.550045,2.6417,0.8892,-2.0846,3.481
7.554263,-3.6298,0.2522,11.3401,11.91
7.55849,-7.0079,-3.0305,9.0603,11.848
7.563236,-1.7507,0.195,3.5006,3.919
7.570957,1.1977,-1.982,0.4027,2.35
7.57561,3.1648,1.1764,-4.0166,5.247
7.579672,-2.6794,0.6207,-2.8129,3.934
7.584011,-0.1218,-3.028,-6.1414,6.848
7.588235,-0.3688,1.8411,2.7114,3.298
7.592098,0.8529,4.5201,4.7023,6.578
7.600799,5.8981,-0.2982,20.5718,21.403
7.604385,7.3216,-0.9744,1.0148,7.455
7.609105,3.4782,0.65,-8.5279,9.233
7.612971,1.5424,2.2171,-7.6895,8.15
7.617439,0.8061,2.6376,-11.321,11.652
7.626006,0.8111,-0.3053,-7.1101,7.163
7.630173,-7.2807,-2.2666,1.8116,7.838
7.634443,-1.2561,-1.7279,5.5213,5.92
7.640211,-1.1424,-1.4121,17.5915,17.685
7.643248,0.7288,-1.1544,11.8429,11.921
7.651002,1.2469,-1.602,5.5747,5.933
7.655449,-0.2126,2.4887,-7.1124,7.538
7.659664,1.3177,0.3915,-17.8675,17.92
7.663859,2.7974,1.9321,-7.5309,8.263
7.668238,2.2859,2.5759,-5.5039,6.493
7.672526,0.1971,1.109,-3.5465,3.721
7.680603,-3.3624,-3.7583,-6.1656,7.965
7.684633,-2.5695,-2.6339,3.0546,4.782
7.689787,1.4062,-1.3565,15.512,15.635
7.694824,5.8547,-2.9642,21.4388,22.421
7.697616,4.9773,-0.4055,2.6624,5.659
7.705874,-3.0016,-1.6608,-10.7994,11.331
7.71025,-3.4888,-3.1457,-2.5363,5.339
7.714472,-1.0903,1.3574,-7.7231,7.917
7.718798,-3.228,0.9923,-9.5776,10.156
7.723187,-6.0974,-0.0389,-8.3432,10.334
7.73084,-0.1314,2.1748,-7.4861,7.797
7.73564,5.3653,-2.2716,-7.6059,9.581
7.739931,5.1755,-1.8732,22.7175,23.375
7.744103,2.0541,-3.7241,28.513,28.828
7.748228,-0.8081,-3.0731,3.2833,4.569
7.752197,-0.8715,0.4201,-6.3929,6.466
7.760718,4.2329,-1.1297,-10.385,11.271
7.764708,0.791,2.2827,-9.1074,9.422
7.770164,-0.6707,1.1532,-10.1671,10.254
7.773519,-4.091,2.6064,-7.3542,8.81
7.777812,2.3715,2.209,-7.8288,8.473
7.786847,0.9753,-1.5045,-7.7372,7.942
7.79086,-4.6604,-2.4979,19.1951,19.91
7.794927,1.3687,-2.6295,29.3419,29.491
7.798713,4.2423,-2.2044,15.1155,15.854
7.803592,-2.2775,1.8175,-9.1757,9.627
7.807023,-3.1549,0.6813,-6.0803,6.884
7.815898,2.8442,0.0705,-11.8322,12.169
7.821094,2.02,2.0201,-14.0822,14.369
7.824488,3.8157,-0.1914,-6.2344,7.312
7.828403,0.4821,0.71,4.4463,4.528
7.832508,-4.8876,-1.2874,-9.4289,10.698
7.841216,-5.4907,-4.9161,-5.3795,9.124
7.844901,-3.6103,1.5294,14.0574,14.594
7.849587,6.1858,1.9894,32.4793,33.123
7.856401,8.3061,-4.4709,9.2161,13.188
7.858159,4.5054,-0.5817,-6.0722,7.583
7.866045,0.1515,2.7983,-4.1267,4.988
7.870461,1.0615,0.8818,-10.3981,10.489
7.874754,-8.0788,-2.9746,-5.6998,10.325
7.878999,-9.0482,-2.6581,0.0336,9.431
7.883474,1.5267,1.3385,-12.187,12.355
7.888029,0.0906,-0.1351,-19.8608,19.861
7.895536,1.6589,6.414,-5.9293,8.891
7.899931,3.0267,3.2056,23.2227,23.637
7.904512,4.0116,-5.5424,23.594,24.566
7.908338,1.4544,-4.9822,0.2392,5.196
7.912527,-5.9278,-6.0841,-0.1178,8.495
7.92095,-13.3971,-4.6876,2.3881,14.393
7.925371,-1.0321,1.4238,-8.5764,8.755
7.92947,2.0851,-0.5383,-13.4091,13.581
7.933425,1.4061,0.0635,-15.3153,15.38
7.938102,-1.0922,5.3635,-1.0733,5.578
7.94612,7.7982,4.0497,12.6763,15.424
7.950378,9.9312,0.4959,18.9032,21.359
7.957677,2.1176,-2.9557,9.8218,10.473
7.959916,-0.5552,-0.8732,-0.5037,1.151
7.96383,-2.0819,-0.3876,-2.4864,3.266
7.96696,-10.2878,-3.4495,-0.9499,10.892
7.97571,0.2107,-0.8172,-7.3764,7.424
7.980024,1.5664,0.3569,-16.545,16.623
7.984468,-1.7305,-0.6655,-12.3065,12.445
7.988891,0.8539,2.9552,5.4088,6.222
7.992685,7.9027,1.442,16.5135,18.364
8.00113,5.1419,-2.8869,15.8005,16.865
